group	video_id	song	title	url
OKINI☆PARTY'S	of24cqYH658	シンサイBUDDY!!!	【公式MV】シンサイBUDDY!!!	https://www.youtube.com/watch?v=of24cqYH658
OKINI☆PARTY'S	E7afeV9JHm8	雷音さぁかす	【公式MV】雷音さぁかす/OKINI☆PARTY'S	https://www.youtube.com/watch?v=E7afeV9JHm8
OKINI☆PARTY'S	_kiFj7Gx-A8	生命のRebels	【公式MV】生命のRebels/OKINI☆PARTY'S	https://www.youtube.com/watch?v=_kiFj7Gx-A8
OKINI☆PARTY'S	vsZQ7JQC8zE	超次元ベンチャー	【公式MV】超次元ベンチャー/OKINI☆PARTY'S feat. ミームトーキョー《テレビ朝日“ガリベンチャーV” 2025年3・4月エンディングテーマ》	https://www.youtube.com/watch?v=vsZQ7JQC8zE
OKINI☆PARTY'S	4Rrpl59kq5s	オオキニ☆ぱーりーなぃと	【公式MV】オオキニ☆ぱーりーなぃと/OKINI☆PARTY'S	https://www.youtube.com/watch?v=4Rrpl59kq5s
OKINI☆PARTY'S	1sdWc4bLbS8	Million Bucks	【公式MV】 15th track『Million Bucks』#電音部 #シンサイバシエリア	https://www.youtube.com/watch?v=1sdWc4bLbS8
OKINI☆PARTY'S	av7l6hNUxlw	心斎橋（アメリカ経由）NANKAI	【公式MV】心斎橋（アメリカ経由）NANKAI / OKINI☆PARTY'S #電音部 #シンサイバシエリア	https://www.youtube.com/watch?v=av7l6hNUxlw
OKINI☆PARTY'S	1xP0j_vYGr4	アホちゃうもん	【公式MV】8th track『アホちゃうもん』	https://www.youtube.com/watch?v=1xP0j_vYGr4
OKINI☆PARTY'S	13-aSRtfpV8	OMATSURI SOUL	【公式MV】4th track『OMATSURI SOUL』電音部シンサイバシエリア	https://www.youtube.com/watch?v=13-aSRtfpV8
OKINI☆PARTY'S	eyK9YT6dX38	心斎橋エイリアン	【公式MV】1st track『心斎橋エイリアン』電音部シンサイバシエリア	https://www.youtube.com/watch?v=eyK9YT6dX38
ねもぺろ	ShagBz9DcuM	ファーストキッスは竜人くん♡ feat. 清 竜人	ねもぺろ from でんぱ組.inc「ファーストキッスは竜人くん♡ feat. 清 竜人」Music Video	https://www.youtube.com/watch?v=ShagBz9DcuM
ねもぺろ	Lcf95hmlvng	キュンキュンですっ♡	ねもぺろ from でんぱ組.inc「キュンキュンですっ♡」Music Video	https://www.youtube.com/watch?v=Lcf95hmlvng
ねもぺろ	ybF3w-h0s78	BABY♡BABY	"""""""""""""""NEMOPERO from Dempagumi.inc """"""""""""""""BABY♡BABY""""""""""""""""Music Video"""""""""""""""	https://www.youtube.com/watch?v=ybF3w-h0s78
ねもぺろ	XufqhY8if3E	にゃんにゃん♡ちゅちゅちゅ♡	ねもぺろ from でんぱ組.inc「にゃんにゃん♡ちゅちゅちゅ♡」Music Video	https://www.youtube.com/watch?v=XufqhY8if3E
ねもぺろ	o-I-d_bj3Qc	しゅきしゅきしゅきぴ♡がとまらないっ…！	ねもぺろ from でんぱ組.inc「しゅきしゅきしゅきぴ♡がとまらないっ…！」Music Video	https://www.youtube.com/watch?v=o-I-d_bj3Qc
LAVILITH	lQJVR85qSD4	365番目のエピローグ	LAVILITH「365番目のエピローグ」Music Video	https://www.youtube.com/watch?v=lQJVR85qSD4
ベボガ!	ujmtQN0n-uw	ビマベ！	ベボガ！「ビマベ！」MusicVideo	https://www.youtube.com/watch?v=ujmtQN0n-uw
虹のファンタジスタ	KkoEbFYQZZI	サマ☆フェス	【MV】虹のファンタジスタ「サマ☆フェス」	https://www.youtube.com/watch?v=KkoEbFYQZZI
でんぱ組.inc	TpM2NWN-kO8	W.W.D ENDING	でんぱ組.inc「W.W.D ENDING」Music Video	https://www.youtube.com/watch?v=TpM2NWN-kO8
でんぱ組.inc	H6gyvcPWM-s	BPM285EX	でんぱ組.inc「BPM285EX」Music Video	https://www.youtube.com/watch?v=H6gyvcPWM-s
でんぱ組.inc	jz69lZW8h0A	商売繁盛！元祖電波屋！	でんぱ組.inc「商売繁盛！元祖電波屋！」Music Video	https://www.youtube.com/watch?v=jz69lZW8h0A
でんぱ組.inc	m82-6vy_0Jg	古代アキバ伝説	でんぱ組.inc「古代アキバ伝説」Music Video	https://www.youtube.com/watch?v=m82-6vy_0Jg
でんぱ組.inc	L-_a9XBqaWQ	我ら令和のかえるちゃん！	でんぱ組.inc『我ら令和のかえるちゃん！』Music Video	https://www.youtube.com/watch?v=L-_a9XBqaWQ
でんぱ組.inc	f-olbLYOBYg	オーギュメンテッドおじいちゃん	でんぱ組.inc『オーギュメンテッドおじいちゃん』Music Video	https://www.youtube.com/watch?v=f-olbLYOBYg
でんぱ組.inc	8ANSvVZkVZY	でんぱっていこーぜ!!	でんぱ組.inc『でんぱっていこーぜ!!』Music Video	https://www.youtube.com/watch?v=8ANSvVZkVZY
でんぱ組.inc	sA-h4TW9dRE	MIKATAせずにはいられないっ！	でんぱ組.inc『MIKATAせずにはいられないっ！』Lyric Video	https://www.youtube.com/watch?v=sA-h4TW9dRE
でんぱ組.inc	vNKYMjmuNDY	初体験	でんぱ組.inc『初体験』Music Video	https://www.youtube.com/watch?v=vNKYMjmuNDY
でんぱ組.inc	4BzTWPdOT5g	好感Daybook♡	でんぱ組.inc『好感Daybook♡』Music Video	https://www.youtube.com/watch?v=4BzTWPdOT5g
でんぱ組.inc	ejAMVcO_kF8	衝動的S/K/S/D	でんぱ組.inc「衝動的S/K/S/D」Music Video	https://www.youtube.com/watch?v=ejAMVcO_kF8
でんぱ組.inc	bexHugfKowk	プリンセスでんぱパワー！シャインオン！	"""""""""""""""Dempagumi.inc """""""""""""""" Princess Dempa Power ! Shine On ! """""""""""""""" Music Video"""""""""""""""	https://www.youtube.com/watch?v=bexHugfKowk
でんぱ組.inc	lAfPuUaSZQc	なんと！世界公認 引きこもり！	でんぱ組.inc テレワークMV「なんと！世界公認 引きこもり！」	https://www.youtube.com/watch?v=lAfPuUaSZQc
でんぱ組.inc	kOGpHzGOXWs	愛が地球救うんさ！だってでんぱ組.incはファミリーでしょ	［字幕］でんぱ組.inc「愛が地球救うんさ！だってでんぱ組.incはファミリーでしょ」Music Video／덴파구미.inc「사랑이 지구를 구할거야 ! 그야 덴파구미.inc는 패밀리잖아」MV	https://www.youtube.com/watch?v=kOGpHzGOXWs
でんぱ組.inc	hVPrXHKkmWo	アイノカタチ	［字幕］でんぱ組.inc「アイノカタチ」Music Video／덴파구미.inc「사랑의 형태」Music Video	https://www.youtube.com/watch?v=hVPrXHKkmWo
でんぱ組.inc	xqBUTHdZa-Q	もしもし、インターネット	でんぱ組.inc「もしもし、インターネット」Music Video	https://www.youtube.com/watch?v=xqBUTHdZa-Q
でんぱ組.inc	Iwdaxre0sV4	ボン・デ・フェスタ	でんぱ組.inc「ボン・デ・フェスタ」Music Video	https://www.youtube.com/watch?v=Iwdaxre0sV4
でんぱ組.inc	zFAgG0HIvWo	形而上学的、魔法	でんぱ組.inc「形而上学的、魔法」Music Video	https://www.youtube.com/watch?v=zFAgG0HIvWo
でんぱ組.inc	WTTnyA38NfE	いのちのよろこび	でんぱ組.inc「いのちのよろこび」MV	https://www.youtube.com/watch?v=WTTnyA38NfE
でんぱ組.inc	NgUm0xYI6fU	子♡丑♡寅♡卯♡辰♡巳♡	でんぱ組.inc「子♡丑♡寅♡卯♡辰♡巳♡」MV	https://www.youtube.com/watch?v=NgUm0xYI6fU
でんぱ組.inc	p2O-mJA7Bmg	太陽系観察中生命体	でんぱ組.inc「太陽系観察中生命体」MV	https://www.youtube.com/watch?v=p2O-mJA7Bmg
でんぱ組.inc	NU9T4t5ge3U	ギラメタスでんぱスターズ	【世界初!?】でんぱ組.inc「ギラメタスでんぱスターズ」MV  Full	https://www.youtube.com/watch?v=NU9T4t5ge3U
でんぱ組.inc	7C52Clqg-lM	おやすみポラリスさよならパラレルワールド	でんぱ組.inc「おやすみポラリスさよならパラレルワールド」MV	https://www.youtube.com/watch?v=7C52Clqg-lM
でんぱ組.inc	ih19o9c-xDo	WWDBEST	でんぱ組.inc「WWDBEST」MV Full	https://www.youtube.com/watch?v=ih19o9c-xDo
でんぱ組.inc	VPBxxGx4nts	最Ψ最好調！	でんぱ組.inc「最Ψ最好調！」MV Full	https://www.youtube.com/watch?v=VPBxxGx4nts
でんぱ組.inc	Gp5085J7D-Y	STAR☆ットしちゃうぜ春だしね	でんぱ組.inc「STAR☆ットしちゃうぜ春だしね」MV Full	https://www.youtube.com/watch?v=Gp5085J7D-Y
でんぱ組.inc	tuMRPUqP1ho	アキハバライフ♪	でんぱ組.inc「アキハバライフ♪」MV Full	https://www.youtube.com/watch?v=tuMRPUqP1ho
でんぱ組.inc	x-79hDn8RCA	あした地球がこなごなになっても	でんぱ組.inc「あした地球がこなごなになっても」MV Full	https://www.youtube.com/watch?v=x-79hDn8RCA
でんぱ組.inc	CPMeJa8fP0o	おつかれサマー！	でんぱ組.inc「おつかれサマー！」MV Full	https://www.youtube.com/watch?v=CPMeJa8fP0o
でんぱ組.inc	uX1yKYI9NXI	でんぱーりーナイト	でんぱ組.inc「でんぱーりーナイト」Music Video	https://www.youtube.com/watch?v=uX1yKYI9NXI
でんぱ組.inc	EGy39OMyHzw	バリ3共和国	でんぱ組.inc「バリ3共和国」Music Video Full	https://www.youtube.com/watch?v=EGy39OMyHzw
でんぱ組.inc	RoPmDFHdU3E	檸檬色	でんぱ組.inc「檸檬色」MV	https://www.youtube.com/watch?v=RoPmDFHdU3E
でんぱ組.inc	sOin4bwUQ5c	ちゅるりちゅるりら	でんぱ組.inc「ちゅるりちゅるりら」MV	https://www.youtube.com/watch?v=sOin4bwUQ5c
でんぱ組.inc	GXIgANjjIKc	ファンシーほっぺ♡ウ・フ・フ	でんぱ組.inc「ファンシーほっぺ♡ウ・フ・フ」MV	https://www.youtube.com/watch?v=GXIgANjjIKc
でんぱ組.inc	NypVvG9fQ7o	サクラあっぱれーしょん	でんぱ組.inc「サクラあっぱれーしょん」MV	https://www.youtube.com/watch?v=NypVvG9fQ7o
でんぱ組.inc	wyZOePtID6s	W.W.D Ⅱ	でんぱ組.inc「W.W.D Ⅱ」MV【マイナスからのスタート、やっぱキツい!?】	https://www.youtube.com/watch?v=wyZOePtID6s
でんぱ組.inc	5GYexKhA_bg	ノットボッチ...夏	でんぱ組.inc「ノットボッチ...夏」MV Full【ちっとも羨ましくなんてないんだぁ〜】	https://www.youtube.com/watch?v=5GYexKhA_bg
でんぱ組.inc	fMHj3U3-RA4	でんでんぱっしょん	でんぱ組.inc「でんでんぱっしょん」MV【楽しいことがなきゃバカみたいじゃん!?】	https://www.youtube.com/watch?v=fMHj3U3-RA4
でんぱ組.inc	qDrm8NfhgsU	プレシャスサマー！	でんぱ組.inc「プレシャスサマー！」	https://www.youtube.com/watch?v=qDrm8NfhgsU
でんぱ組.inc	7W0c19UXirE	キラキラチューン	でんぱ組.inc「キラキラチューン」Music Clip	https://www.youtube.com/watch?v=7W0c19UXirE
でんぱ組.inc	e4kB1g0fKIA	くちづけキボンヌ	でんぱ組.inc「くちづけキボンヌ」Full size	https://www.youtube.com/watch?v=e4kB1g0fKIA
でんぱ組.inc	tJGg5C6cmh0	Future Diver	でんぱ組.inc「Future Diver」Full size	https://www.youtube.com/watch?v=tJGg5C6cmh0
でんぱ組.inc	-KAJD9srQm4	秋の葉の原っぱで	でんぱ組.inc「秋の葉の原っぱで」サンドアート Music Video （By 竹谷和真）	https://www.youtube.com/watch?v=-KAJD9srQm4
でんぱ組.inc	6H2Xiw6OyOw	Doki + Waku = Parade!	Doki + Waku = Parade!	https://www.youtube.com/watch?v=6H2Xiw6OyOw
でんぱ組.inc	lStP9jog7TA	みりかる★ファンタジー	【PVフル】古川未鈴 - みりかる★ファンタジー【3.22発売】	https://www.youtube.com/watch?v=lStP9jog7TA
でんぱ組.inc	g6l5eTsvJCA	いんたーねっつ・ふぉーてぃ・らびゅ	【40周年ソング】『いんたーねっつ・ふぉーてぃ・らびゅ』古川未鈴	https://www.youtube.com/watch?v=g6l5eTsvJCA
でんぱ組.inc	0ipVQjNafhk	ステラコード	【MV】相沢梨紗『ステラコード』	https://www.youtube.com/watch?v=0ipVQjNafhk
でんぱ組.inc	rDF_ki9wKlM	新月のダ・カーポ	相沢梨紗(でんぱ組.inc) / 新月のダ・カーポ	https://www.youtube.com/watch?v=rDF_ki9wKlM
虹のコンキスタドール	uQwZwbrWHnw	ガチ恋ですの♡あいうぉんちゅー！	【MV】虹のコンキスタドール「ガチ恋ですの♡あいうぉんちゅー！」/Niji no Conquistador - Gachikoi desuno♡I  want you!（虹コン）	https://www.youtube.com/watch?v=uQwZwbrWHnw
虹のコンキスタドール	OJsIAXgCuCk	君がいて良かった！了解です。	【MV】虹のコンキスタドール「君がいて良かった！了解です。」/Niji no Conquistador - Kimigaiteyokatta! Ryokaidesu（虹コン）	https://www.youtube.com/watch?v=OJsIAXgCuCk
虹のコンキスタドール	0bs0o_3yLjA	キョーリョク・パートナー	【MV】虹のコンキスタドール「キョーリョク・パートナー」/Niji no Conquistador - Kyoryoku Partner（虹コン）	https://www.youtube.com/watch?v=0bs0o_3yLjA
虹のコンキスタドール	53GVaVR-ehk	マイレージラブサマー	[MusicVideo]Niji no Conquistador(Nijicon) - Mileage LOVE SUMMER	https://www.youtube.com/watch?v=53GVaVR-ehk
虹のコンキスタドール	Y4bmXFUkGaQ	想いが積もる、午前2時。	【MV】虹のコンキスタドール「想いが積もる、午前2時。」(虹コン)	https://www.youtube.com/watch?v=Y4bmXFUkGaQ
虹のコンキスタドール	ptiHAyAHcDw	僕はキミだけのおばけちゃん♡	【MV】虹のコンキスタドール「僕はキミだけのおばけちゃん♡」(虹コン)	https://www.youtube.com/watch?v=ptiHAyAHcDw
虹のコンキスタドール	jGo_iyZgjsA	さよならタイガー	【MV】虹のコンキスタドール「さよならタイガー」(虹コン)	https://www.youtube.com/watch?v=jGo_iyZgjsA
虹のコンキスタドール	aMdqCyzRyN4	終末でーと部！	【MV】虹のコンキスタドール「終末でーと部！」(虹コン)	https://www.youtube.com/watch?v=aMdqCyzRyN4
虹のコンキスタドール	dWFpSVL3ad0	ナミダ、あわ雪	【MV】虹のコンキスタドール「ナミダ、あわ雪」(虹コン)	https://www.youtube.com/watch?v=dWFpSVL3ad0
虹のコンキスタドール	5z4yrfqUDa0	美味いものファンクラブ	【MV】「美味いものファンクラブ」虹のコンキスタドール（虹コン）	https://www.youtube.com/watch?v=5z4yrfqUDa0
虹のコンキスタドール	mtmDkkL1kF0	世界の中心で虹を叫んだサマー	【MV】虹のコンキスタドール「世界の中心で虹を叫んだサマー」（虹コン）	https://www.youtube.com/watch?v=mtmDkkL1kF0
虹のコンキスタドール	vl74GI_lhAA	恋・ホワイトアウト	【MV】虹のコンキスタドール「恋・ホワイトアウト」（虹コン）	https://www.youtube.com/watch?v=vl74GI_lhAA
虹のコンキスタドール	gYe8diN6QYg	サマーとはキミと私なりっ！！	【MV】虹のコンキスタドール「サマーとはキミと私なりっ！！」（虹コン）	https://www.youtube.com/watch?v=gYe8diN6QYg
虹のコンキスタドール	Yy5eBvpSMF8	夕暮れグラデーション	【MV】虹のコンキスタドール「夕暮れグラデーション」(虹コン)	https://www.youtube.com/watch?v=Yy5eBvpSMF8
虹のコンキスタドール	jlX_8QPjZmY	ぼくらのターン	【MV】虹のコンキスタドール「ぼくらのターン」(虹コン)	https://www.youtube.com/watch?v=jlX_8QPjZmY
虹のコンキスタドール	TTRF9TBDyyc	響け!ファンファーレ	【MV】虹のコンキスタドール「響け!ファンファーレ」(虹コン)	https://www.youtube.com/watch?v=TTRF9TBDyyc
虹のコンキスタドール	j_GZTLkfm4o	Snowing Love	【MV】虹のコンキスタドール「Snowing Love」 (虹コン)	https://www.youtube.com/watch?v=j_GZTLkfm4o
虹のコンキスタドール	NhstcbCsTTQ	Waiting Wedding	【MV】虹のコンキスタドール「Waiting Wedding」(虹コン)	https://www.youtube.com/watch?v=NhstcbCsTTQ
虹のコンキスタドール	qJCAxPiaqhU	ジャポニジフェス	【MV】虹のコンキスタドール「ジャポニジフェス」(虹コン)	https://www.youtube.com/watch?v=qJCAxPiaqhU
虹のコンキスタドール	_uYTSn6Pyak	愛をこころにサマーと数えよ	【MV】虹のコンキスタドール「愛をこころにサマーと数えよ」(虹コン)	https://www.youtube.com/watch?v=_uYTSn6Pyak
虹のコンキスタドール	PGp-65OiPF8	本命ショコラティエ	【MV】虹のコンキスタドール『本命ショコラティエ』(虹コン)	https://www.youtube.com/watch?v=PGp-65OiPF8
虹のコンキスタドール	BsU4EY03ukY	やるっきゃない！2018	【MV】虹のコンキスタドール『やるっきゃない！2018』(虹コン)	https://www.youtube.com/watch?v=BsU4EY03ukY
虹のコンキスタドール	7udQDzPMpoY	ずっとサマーで恋してる	【MV】虹のコンキスタドール「ずっとサマーで恋してる」（虹コン）	https://www.youtube.com/watch?v=7udQDzPMpoY
虹のコンキスタドール	w1J9vGG08f4	バスルームマジック	【MV】虹のコンキスタドール「バスルームマジック」（虹コン）	https://www.youtube.com/watch?v=w1J9vGG08f4
虹のコンキスタドール	mzEZFGOiR58	トライアングル・ドリーマー	【MV】虹のコンキスタドール「トライアングル・ドリーマー」（虹コン）	https://www.youtube.com/watch?v=mzEZFGOiR58
虹のコンキスタドール	sW5zFFWYLnQ	心臓にメロディー	【MV】虹のコンキスタドール「心臓にメロディー」（虹コン）	https://www.youtube.com/watch?v=sW5zFFWYLnQ
虹のコンキスタドール	BN8XtaPmLoE	ふたりのシュプール	【MV】虹のコンキスタドール「ふたりのシュプール」（虹コン）	https://www.youtube.com/watch?v=BN8XtaPmLoE
虹のコンキスタドール	u1W6R8rjkv4	夏の夜は短すぎるけど…	【MV】虹のコンキスタドール「夏の夜は短すぎるけど…」MV	https://www.youtube.com/watch?v=u1W6R8rjkv4
虹のコンキスタドール	fH_rzbE1QdM	じゃんぷ！	【MV】虹のコンキスタドール「じゃんぷ！」（虹コン）	https://www.youtube.com/watch?v=fH_rzbE1QdM
虹のコンキスタドール	uOtJRjRFF6o	キミは無邪気な夏の女王	【MV】虹のコンキスタドール「キミは無邪気な夏の女王」（虹コン）	https://www.youtube.com/watch?v=uOtJRjRFF6o
虹のコンキスタドール	6iapjio-jdw	†ノーライフベイビー・オブ・ジ・エンド†	【MV】虹のコンキスタドール「†ノーライフベイビー・オブ・ジ・エンド†」MV SONG ver.（虹コン）	https://www.youtube.com/watch?v=6iapjio-jdw
虹のコンキスタドール	NhYdL_rPd6U	レトルト～華麗なる愛～	【MV】虹のコンキスタドール「レトルト～華麗なる愛～」（虹コン）	https://www.youtube.com/watch?v=NhYdL_rPd6U
虹のコンキスタドール	jez8p3t0Vng	LOVE麺 恋味 やわめ	【MV】虹のコンキスタドール「LOVE麺 恋味 やわめ」（虹コン）	https://www.youtube.com/watch?v=jez8p3t0Vng
虹のコンキスタドール	T4-QzS9J6CI	パラドキシカル・コンプレックス	【MV】虹のコンキスタドール「パラドキシカル・コンプレックス」（虹コン）	https://www.youtube.com/watch?v=T4-QzS9J6CI
虹のコンキスタドール	-8GyB1Y2PYE	限りなく冒険に近いサマー	【Japanese Kawaii Pop】Niji no Conquistador-Kagirinaku Bouken ni chikai Summer【Music Video】	https://www.youtube.com/watch?v=-8GyB1Y2PYE
虹のコンキスタドール	mHEtej4Br-U	↓エイリアンガール・イン・ニューヨーク↑	【Japanese Kawaii Pop】 Niji no Conquistador-Alien Girl in NewYork【Music Video】	https://www.youtube.com/watch?v=mHEtej4Br-U
虹のコンキスタドール	CotBcAoooLA	戦場の聖バレンタイン	【MV】虹のコンキスタドール「戦場の聖バレンタイン」	https://www.youtube.com/watch?v=CotBcAoooLA
虹のコンキスタドール	SbqppmxuFM4	THE☆有頂天サマー!!	【Japanese Kawaii Pop】Niji no Conquistador-The UTYOUTEN Summer【Music Video】	https://www.youtube.com/watch?v=SbqppmxuFM4
虹のコンキスタドール	TNPeeZb-k24	やるっきゃない！2015	【MV】虹のコンキスタドール「やるっきゃない！2015」	https://www.youtube.com/watch?v=TNPeeZb-k24
虹のコンキスタドール	6KWL6cZbNh4	ブランニューハッピーデイズ	【MV】虹のコンキスタドール「ブランニューハッピーデイズ」	https://www.youtube.com/watch?v=6KWL6cZbNh4
虹のコンキスタドール	O4JlrAGIZU4	にじいろフィロソフィー	[MV]虹のコンキスタドール「にじいろフィロソフィー」	https://www.youtube.com/watch?v=O4JlrAGIZU4
虹のコンキスタドール	DIP1cVu9-Sc	ぴくしぶおんど	【Japanese Kawaii Pop】Niji no Conquistador-Pixiv Ondo【Music Video】	https://www.youtube.com/watch?v=DIP1cVu9-Sc
虹のコンキスタドール	N3VlY0z0XMQ	サマーエンドシンフォニー	虹のコンキスタドール「サマーエンドシンフォニー」サンドアート Music Video （By 竹谷和真）	https://www.youtube.com/watch?v=N3VlY0z0XMQ
虹のコンキスタドール	Z3Z2ggJQIyw	平成令和ネバーエンドサンバースト	虹のコンキスタドール「平成令和ネバーエンドサンバースト」（虹コン）/Niji No Conquistador	https://www.youtube.com/watch?v=Z3Z2ggJQIyw
虹のコンキスタドール	H0NgFvr11u4	Boom！Boom！サマーっ♡	虹のコンキスタドール「Boom！Boom！サマーっ♡」（虹コン）/Niji No Conquistador	https://www.youtube.com/watch?v=H0NgFvr11u4
虹のコンキスタドール	q02uTCcEKII	恋愛シフト制	虹のコンキスタドール「恋愛シフト制」（虹コン）/Niji No Conquistador	https://www.youtube.com/watch?v=q02uTCcEKII
虹のコンキスタドール	SX1fZsQGWzM	ミスター♡バレンタイン	虹のコンキスタドール「ミスター♡バレンタイン」（虹コン）/Niji No Conquistador	https://www.youtube.com/watch?v=SX1fZsQGWzM
虹のコンキスタドール	hM_X9eRI6qQ	Aurora Orchestra	虹のコンキスタドール「Aurora Orchestra」（虹コン）/Niji No Conquistador	https://www.youtube.com/watch?v=hM_X9eRI6qQ
虹のコンキスタドール	zVekKHc1eTM	Colorful～あなたといた時間～	清水理子『Colorful～あなたといた時間～』映画コラボMusic Video	https://www.youtube.com/watch?v=zVekKHc1eTM
ARCANA PROJECT	6kz2hMjS0ew	リドル	ARCANA PROJECT「リドル」	https://www.youtube.com/watch?v=6kz2hMjS0ew
ARCANA PROJECT	ik3pOOerD_k	旋廻のベンダバール	ARCANA PROJECT「旋廻のベンダバール」	https://www.youtube.com/watch?v=ik3pOOerD_k
ARCANA PROJECT	StqrN9AZw3A	未発見アタシ座	ARCANA PROJECT「未発見アタシ座」	https://www.youtube.com/watch?v=StqrN9AZw3A
ARCANA PROJECT	ZdmQRLNRkIY	ミチカケ	ARCANA PROJECT「ミチカケ」	https://www.youtube.com/watch?v=ZdmQRLNRkIY
ARCANA PROJECT	lImohQsAe8E	メラメラ	ARCANA PROJECT『メラメラ』	https://www.youtube.com/watch?v=lImohQsAe8E
ARCANA PROJECT	d8igJk3BMsw	アイレ	ARCANA PROJECT『アイレ』	https://www.youtube.com/watch?v=d8igJk3BMsw
ARCANA PROJECT	GRGWcWdV8gU	ユリイカ	ARCANA PROJECT『ユリイカ』	https://www.youtube.com/watch?v=GRGWcWdV8gU
ARCANA PROJECT	iexFIGcvFPA	恋衣	ARCANA PROJECT『恋衣』	https://www.youtube.com/watch?v=iexFIGcvFPA
ARCANA PROJECT	iq6FSXhnTEQ	慟哭のトルメンタ	ARCANA PROJECT『慟哭のトルメンタ』	https://www.youtube.com/watch?v=iq6FSXhnTEQ
ARCANA PROJECT	jY0AWQLAgiA	快晴のエスタリスタ	ARCANA PROJECT『快晴のエスタリスタ』	https://www.youtube.com/watch?v=jY0AWQLAgiA
ARCANA PROJECT	qh1MuDT-o3w	とめどない潮騒に僕たちは何を歌うだろうか	ARCANA PROJECT『とめどない潮騒に僕たちは何を歌うだろうか』	https://www.youtube.com/watch?v=qh1MuDT-o3w
ARCANA PROJECT	traMXzjqYTA	たゆたえ、七色	ARCANA PROJECT『たゆたえ、七色』	https://www.youtube.com/watch?v=traMXzjqYTA
ARCANA PROJECT	dQUwHtHs38s	夢で世界を変えるなら	ARCANA PROJECT『夢で世界を変えるなら』	https://www.youtube.com/watch?v=dQUwHtHs38s
ARCANA PROJECT	45s2y6HmgcI	カンパネラ響く空で	ARCANA PROJECT『カンパネラ響く空で』	https://www.youtube.com/watch?v=45s2y6HmgcI
ARCANA PROJECT	ebX_bFDC2MU	ACE of WANDS	ARCANA PROJECT『ACE of WANDS』	https://www.youtube.com/watch?v=ebX_bFDC2MU
きゅるりんってしてみて	LC1a-DwUhls	推忍♡きゅるちゃん道場!	「推忍♡きゅるちゃん道場! 」MV/きゅるりんってしてみて	https://www.youtube.com/watch?v=LC1a-DwUhls
きゅるりんってしてみて	VWyB3Wrv6po	えぶりで大好き記念日	「えぶりで大好き記念日」MV/きゅるりんってしてみて	https://www.youtube.com/watch?v=VWyB3Wrv6po
きゅるりんってしてみて	UqAX0WQas7I	カルテNo.2222	「カルテNo.2222」MV/きゅるりんってしてみて	https://www.youtube.com/watch?v=UqAX0WQas7I
きゅるりんってしてみて	9g3dRd_QuVY	Special♡Spell	「Special♡Spell」ジャムムコラボMV/きゅるりんってしてみて	https://www.youtube.com/watch?v=9g3dRd_QuVY
きゅるりんってしてみて	pe-nyv8cn8Q	Maison de 520	「Maison de 520」MV/きゅるりんってしてみて	https://www.youtube.com/watch?v=pe-nyv8cn8Q
きゅるりんってしてみて	_f_u6NdZGdc	君のお顔になりたいの	「君のお顔になりたいの」MV/きゅるりんってしてみて	https://www.youtube.com/watch?v=_f_u6NdZGdc
きゅるりんってしてみて	YXb_1vyH-fY	♡♡♡わんだーらんど	「♡♡♡わんだーらんど」MV/きゅるりんってしてみて	https://www.youtube.com/watch?v=YXb_1vyH-fY
きゅるりんってしてみて	RcbqtKOjGA0	しゅーぱーめるてぃらびゅふれーばー♡	「しゅーぱーめるてぃらびゅふれーばー♡」MV/きゅるりんってしてみて	https://www.youtube.com/watch?v=RcbqtKOjGA0
きゅるりんってしてみて	28HBkyA56Cw	らぶきゅん♡うぉんてっど	「らぶきゅん♡うぉんてっど」MV/きゅるりんってしてみて	https://www.youtube.com/watch?v=28HBkyA56Cw
きゅるりんってしてみて	e8rbEdXwQ_c	ツインテールは20歳まで♡	「ツインテールは20歳まで♡」MV/きゅるりんってしてみて	https://www.youtube.com/watch?v=e8rbEdXwQ_c
きゅるりんってしてみて	Ptk-Lrh9X28	アイドルライブコースター！	きゅるりんってしてみて「アイドルライブコースター！」MV	https://www.youtube.com/watch?v=Ptk-Lrh9X28
きゅるりんってしてみて	c_IJ6kvzBoE	イェイェ	「イェイェ」MV/きゅるりんってしてみて	https://www.youtube.com/watch?v=c_IJ6kvzBoE
きゅるりんってしてみて	ZbqvANDDu3c	いらんこといわんこ	きゅるりんってしてみて「いらんこといわんこ」ライブMV	https://www.youtube.com/watch?v=ZbqvANDDu3c
きゅるりんってしてみて	7vXMSPl-Fno	魅惑のあいまいみー	「魅惑のあいまいみー」MV/きゅるりんってしてみて	https://www.youtube.com/watch?v=7vXMSPl-Fno
きゅるりんってしてみて	53P2JsqfuHw	可愛さ圧倒的なんばーわん！	「可愛さ圧倒的なんばーわん！」MV/きゅるりんってしてみて	https://www.youtube.com/watch?v=53P2JsqfuHw
きゅるりんってしてみて	J1ECKxF0soE	ムムム⋯Doなる！？ドリル！	「ムムム⋯Doなる！？ドリル！」きゅるりんってしてみて feat. ミームトーキョー	https://www.youtube.com/watch?v=J1ECKxF0soE
さよならステイチューン	gQMQ8MEdBpg	アチチなベイベー♡	【MV】「アチチなベイベー♡」さよならステイチューン	https://www.youtube.com/watch?v=gQMQ8MEdBpg
さよならステイチューン	Nzj1xoxP9HE	TUNED！	【MV】「TUNED！」さよならステイチューン	https://www.youtube.com/watch?v=Nzj1xoxP9HE
さよならステイチューン	GTgGFDWT56Y	STAY TUNE	【MV】「STAY TUNE」さよならステイチューン	https://www.youtube.com/watch?v=GTgGFDWT56Y
さよならステイチューン	CbY1tZv0hcw	FF外から恋しちゃいます♡	【MV】「FF外から恋しちゃいます♡」さよならステイチューン	https://www.youtube.com/watch?v=CbY1tZv0hcw
さよならステイチューン	C4LPQI-0CSM	わたしって、ほんとはアイドルなんだ！	【MV】「わたしって、ほんとはアイドルなんだ！」さよならステイチューン	https://www.youtube.com/watch?v=C4LPQI-0CSM
さよならステイチューン	2qRnY4om90I	ドラマチックバケーション	【MV】「ドラマチックバケーション」さよならステイチューン	https://www.youtube.com/watch?v=2qRnY4om90I
さよならステイチューン	73Zuk6YJFx8	エブリデイ夏	【MV】「エブリデイ夏」さよならステイチューン	https://www.youtube.com/watch?v=73Zuk6YJFx8
さよならステイチューン	IVA_JUiVfNg	さよならステイチューン	【MV】「さよならステイチューン」さよならステイチューン	https://www.youtube.com/watch?v=IVA_JUiVfNg
CYNHN	E1oGwkkRybc	Opia	CYNHN (スウィーニー) - Opia (Official MV)	https://www.youtube.com/watch?v=E1oGwkkRybc
CYNHN	bl3Iktj21oc	春を攫った	CYNHN (スウィーニー) - 春を攫った (Official MV)	https://www.youtube.com/watch?v=bl3Iktj21oc
CYNHN	B_8lGegMd2A	ループバック・ロールトラッシュ	CYNHN (スウィーニー) - ループバック・ロールトラッシュ (Official MV)	https://www.youtube.com/watch?v=B_8lGegMd2A
CYNHN	PEhr-v1KpkA	わるいこと	CYNHN - わるいこと (Official MV)	https://www.youtube.com/watch?v=PEhr-v1KpkA
CYNHN	Rz-SY3t_1UU	バニラ	CYNHN - バニラ (Official MV)	https://www.youtube.com/watch?v=Rz-SY3t_1UU
CYNHN	9E0LtnUpRT8	ノミニー	CYNHN - ノミニー (Official MV)	https://www.youtube.com/watch?v=9E0LtnUpRT8
CYNHN	5sUzh2SBjMs	Tokyo stuck	CYNHN - Tokyo stuck (Official MV)	https://www.youtube.com/watch?v=5sUzh2SBjMs
CYNHN	_0EpqN8Akiw	飴玉	CYNHN  - 飴玉 (Official MV)	https://www.youtube.com/watch?v=_0EpqN8Akiw
CYNHN	MIxCvZ_txvY	いいおくり	CYNHN - いいおくり (Official MV)	https://www.youtube.com/watch?v=MIxCvZ_txvY
CYNHN	WRG1ddTW3jc	リサイズ	CYNHN（スウィーニー）「リサイズ」Music Video	https://www.youtube.com/watch?v=WRG1ddTW3jc
CYNHN	m82yEeAF-Ds	CYNHN（スウィーニー）ジンテーゼ	CYNHN（スウィーニー）ジンテーゼ Music Video	https://www.youtube.com/watch?v=m82yEeAF-Ds
CYNHN	vBWvurwVxpA	楽の上塗り	CYNHN「楽の上塗り」Music Video	https://www.youtube.com/watch?v=vBWvurwVxpA
CYNHN	jv-blLXJ9uc	キリグニア	CYNHN「キリグニア」Music Video	https://www.youtube.com/watch?v=jv-blLXJ9uc
CYNHN	-U8kph4KWYg	水の中の	CYNHN「水の中の」Music Video	https://www.youtube.com/watch?v=-U8kph4KWYg
CYNHN	JjXrCVaMoVs	レア	CYNHN「レア」Music Video	https://www.youtube.com/watch?v=JjXrCVaMoVs
CYNHN	l9GwvNIAGTc	AOAWASE	CYNHN「AOAWASE」Music Video	https://www.youtube.com/watch?v=l9GwvNIAGTc
CYNHN	l01j3V0cfhc	イナフイナス	CYNHN「イナフイナス」Music Video	https://www.youtube.com/watch?v=l01j3V0cfhc
CYNHN	i7yGZPp-GAs	氷菓	CYNHN 「氷菓」Music Video	https://www.youtube.com/watch?v=i7yGZPp-GAs
CYNHN	G5cLtdBhO_A	くもりぎみ	CYNHN「くもりぎみ」Music Video	https://www.youtube.com/watch?v=G5cLtdBhO_A
CYNHN	9fxe4v8wHtQ	ごく平凡な青は、	CYNHN「ごく平凡な青は、」Music Video	https://www.youtube.com/watch?v=9fxe4v8wHtQ
CYNHN	P38rVDdLW-Y	解けない界面論	CYNHN「解けない界面論」Music Video（2コーラス Ver.）	https://www.youtube.com/watch?v=P38rVDdLW-Y
CYNHN	AaxPzPlvF-s	水生	CYNHN「水生」Music Video	https://www.youtube.com/watch?v=AaxPzPlvF-s
CYNHN	DmoE_5aXV-U	2時のパレード	CYNHN「2時のパレード」Music Video	https://www.youtube.com/watch?v=DmoE_5aXV-U
CYNHN	DaPmbh75UT0	ラルゴ	CYNHN「ラルゴ」Music Video	https://www.youtube.com/watch?v=DaPmbh75UT0
CYNHN	EJfuO3XdGDc	wire	CYNHN「wire」Music Video	https://www.youtube.com/watch?v=EJfuO3XdGDc
CYNHN	7oJinWkaryA	空気とインク	CYNHN「空気とインク」Music Video	https://www.youtube.com/watch?v=7oJinWkaryA
CYNHN	saeS71bEcng	雨色ホログラム	CYNHN「雨色ホログラム」Music Video	https://www.youtube.com/watch?v=saeS71bEcng
CYNHN	MEPlVXvZGJE	絶交郷愁	CYNHN「絶交郷愁」Music Video	https://www.youtube.com/watch?v=MEPlVXvZGJE
CYNHN	T-ZNjRXEzU8	タキサイキア	CYNHN「タキサイキア」Music Video	https://www.youtube.com/watch?v=T-ZNjRXEzU8
CYNHN	TxmE9pbT3aQ	So Young	CYNHN「So Young」 Music Video	https://www.youtube.com/watch?v=TxmE9pbT3aQ
CYNHN	Tkw3-7IDOtA	リンクtoアクセス（非公式！？）	【FULL】CYNHN「リンクtoアクセス（非公式！？）」Music Video 〜 縦動画初めて作ってみた	https://www.youtube.com/watch?v=Tkw3-7IDOtA
CYNHN	21VduO3ci9o	はりぼて	CYNHN「はりぼて」Music Video	https://www.youtube.com/watch?v=21VduO3ci9o
CYNHN	ZZXCtUJcedU	FINALegend	CYNHN 「FINALegend」 Music Video	https://www.youtube.com/watch?v=ZZXCtUJcedU
ChumToto	qA5OHbE67ag	眠り、眠ら、眠れスト。	【MV】ChumToto『眠り、眠ら、眠れスト。』｜Music：マキシウキョウ × Illustration：あかね家	https://www.youtube.com/watch?v=qA5OHbE67ag
ChumToto	YotTsLAYASM	寝ごこち新生活♪	【MV】ChumToto『寝ごこち新生活♪』	https://www.youtube.com/watch?v=YotTsLAYASM
ChumToto	DSNqz7vsuRE	Eien♡スキループ	【MV】ChumToto『Eien♡スキループ』	https://www.youtube.com/watch?v=DSNqz7vsuRE
ChumToto	G9quFJQnUj4	チャム・トト	【MV】ChumToto『チャム・トト』	https://www.youtube.com/watch?v=G9quFJQnUj4
B≡FULLEST	ge72ikMWMCo	MIDNIGHT STEP	B≡FULLEST / MIDNIGHT STEP（Music Video）	https://www.youtube.com/watch?v=ge72ikMWMCo
B≡FULLEST	S6Il2GGgs9M	君だけの聲	B≡FULLEST / 君だけの聲（Music Video）	https://www.youtube.com/watch?v=S6Il2GGgs9M
B≡FULLEST	rM97HnTNTak	迷愛♡シンギュラリティ Akarin Love ver.	B≡FULLEST / 迷愛♡シンギュラリティ Akarin Love ver.（Music Video）	https://www.youtube.com/watch?v=rM97HnTNTak
B≡FULLEST	8h_pY3Ixmag	今宵、ケット・シー	【MV】B≡FULLEST「今宵、ケット・シー」【ミュージックビデオ】	https://www.youtube.com/watch?v=8h_pY3Ixmag
B≡FULLEST	aDP4KNUorDY	DROP	【MV】B≡FULLEST「DROP」【ミュージックビデオ】	https://www.youtube.com/watch?v=aDP4KNUorDY
B≡FULLEST	WVPTl0hJS4w	ナニカノカケラ	【MV】B≡FULLEST「ナニカノカケラ」【ミュージックビデオ】	https://www.youtube.com/watch?v=WVPTl0hJS4w
ミームトーキョー	OecC7aPzOVQ	今何してるの？	【MV】今何してるの？  / MelToxin Music Video	https://www.youtube.com/watch?v=OecC7aPzOVQ
ミームトーキョー	jOykC_K0KtE	idol-143	【MV】idol-143  / ミームトーキョー Music Video	https://www.youtube.com/watch?v=jOykC_K0KtE
ミームトーキョー	6Q7mXNwqfRE	カノムトーキョー	【MV】カノムトーキョー / ミームトーキョー Music Video	https://www.youtube.com/watch?v=6Q7mXNwqfRE
ミームトーキョー	uVVMdL0kiGU	I am HEROINE？	【MV】I am HEROINE？ / ミームトーキョー Music Video	https://www.youtube.com/watch?v=uVVMdL0kiGU
ミームトーキョー	8ebaZVHjVeg	CUTE TURN	【MV】CUTE TURN/ミームトーキョー Music Video	https://www.youtube.com/watch?v=8ebaZVHjVeg
ミームトーキョー	icKRJB0TPo8	AGAIN AND AGAIN	【MV】AGAIN AND AGAIN/ミームトーキョー Music Video	https://www.youtube.com/watch?v=icKRJB0TPo8
ミームトーキョー	Wt3pYbDsj6Y	GAV RICH	【MV】GAV RICH/ミームトーキョー Music Video	https://www.youtube.com/watch?v=Wt3pYbDsj6Y
ミームトーキョー	KKT2Hzs30K0	SNSKILLER	ミームトーキョー「SNSKILLER」Music Video	https://www.youtube.com/watch?v=KKT2Hzs30K0
ミームトーキョー	7-cLWXyFMck	ブルーレター	【MV】ブルーレター /ミームトーキョー Music Video(SOLI来日記念)	https://www.youtube.com/watch?v=7-cLWXyFMck
ミームトーキョー	JLyvsAhIgws	リバーズ・エンド	【MV】リバーズ・エンド / ミームトーキョー Music Video	https://www.youtube.com/watch?v=JLyvsAhIgws
ミームトーキョー	RF7YVR2SBIU	アニモア	【MV】アニモア / ミームトーキョー Music Video	https://www.youtube.com/watch?v=RF7YVR2SBIU
ミームトーキョー	pWVGiSZd1K8	ニュー・ポスト	【MV】ニュー・ポスト / ミームトーキョー Music Video	https://www.youtube.com/watch?v=pWVGiSZd1K8
ミームトーキョー	3Mnco_W4cII	ROAR	【MV】ROAR / ミームトーキョー Music Video	https://www.youtube.com/watch?v=3Mnco_W4cII
ミームトーキョー	JQ_XU4q9SOY	THE STRUGGLE IS REAL	【MV】THE STRUGGLE IS REAL / ミームトーキョー Music Video	https://www.youtube.com/watch?v=JQ_XU4q9SOY
ミームトーキョー	HAaqKBGYZc4	アンチサジェスト	meme tokyo.「ANTISUGGEST」Music Video	https://www.youtube.com/watch?v=HAaqKBGYZc4
ミームトーキョー	5q4JCb2Qe3s	スーサイド ボーダレス	"""""""""""""""meme tokyo. """"""""""""""""SUICIDE BORDERLESS"""""""""""""""" Music Video"""""""""""""""	https://www.youtube.com/watch?v=5q4JCb2Qe3s
ミームトーキョー	SKkbaeZxjhQ	モラトリアムアクアリウム	"""""""""""""""meme tokyo. """"""""""""""""Moratoriumaquarium"""""""""""""""" Music Video"""""""""""""""	https://www.youtube.com/watch?v=SKkbaeZxjhQ
ミームトーキョー	YzDF8zFDGf0	レトロフューチャー	［字幕］meme tokyo.「レトロフューチャー」Music Video／meme tokyo.「Retrofuture」MV／meme tokyo. 「레트로 퓨처」 MV	https://www.youtube.com/watch?v=YzDF8zFDGf0
ミームトーキョー	q88JAyyeHjE	メランコリックサーカス	［字幕］meme tokyo.「メランコリックサーカス」Music Video／meme tokyo.「Melancholic Circus」MV／meme tokyo.「멜랑콜릭 서커스」MV	https://www.youtube.com/watch?v=q88JAyyeHjE
雨模様のソラリス	hxIOCj3zxSU	蒼すぎる空、終わらない唄	雨模様のソラリス - 蒼すぎる空、終わらない唄（Music Video）	https://www.youtube.com/watch?v=hxIOCj3zxSU
雨模様のソラリス	i_vhoP094pI	Invisible rain	雨模様のソラリス - Invisible rain（Music Video）	https://www.youtube.com/watch?v=i_vhoP094pI
雨模様のソラリス	z_-tJbK8Bsk	届かない星でいて。	雨模様のソラリス - 届かない星でいて。（Music Video）	https://www.youtube.com/watch?v=z_-tJbK8Bsk
雨模様のソラリス	zo3GAaEKcUk	泡にとけた	雨模様のソラリス - 泡にとけた（Music Video）	https://www.youtube.com/watch?v=zo3GAaEKcUk
雨模様のソラリス	Lw-nxZKnudI	Forever and Ever	雨模様のソラリス - Forever and Ever (Music Video)	https://www.youtube.com/watch?v=Lw-nxZKnudI
バンドじゃないもん！MAXX NAKAYOSHI	qE6Q4dCkvNA	激アツ爆ネツどんどこ音頭 〜ばかんちゅぬ宴〜	【MV】激アツ爆ネツどんどこ音頭 〜ばかんちゅぬ宴〜 / バンドじゃないもん！MAXX NAKAYOSHI（バンもん！）	https://www.youtube.com/watch?v=qE6Q4dCkvNA
バンドじゃないもん！MAXX NAKAYOSHI	6Z1BsNsc_XU	君だけの怪獣	【MV】君だけの怪獣 / バンドじゃないもん！MAXX NAKAYOSHI（バンもん！）	https://www.youtube.com/watch?v=6Z1BsNsc_XU
バンドじゃないもん！MAXX NAKAYOSHI	MepOwkUnK_M	デジタルデトックス	【MV】デジタルデトックス / バンドじゃないもん！MAXX NAKAYOSHI（バンもん！）	https://www.youtube.com/watch?v=MepOwkUnK_M
バンドじゃないもん！MAXX NAKAYOSHI	4ToEtcy1qiQ	あの子の前ではこんなに優しい顔はしないでいてね♡	【MV】あの子の前ではこんなに優しい顔はしないでいてね♡ / バンドじゃないもん！MAXX NAKAYOSHI （バンもん！）	https://www.youtube.com/watch?v=4ToEtcy1qiQ
バンドじゃないもん！MAXX NAKAYOSHI	IpkbIw4-1ko	NINJA NAKAYOSHI	【MV】NINJA NAKAYOSHI / バンドじゃないもん！MAXX NAKAYOSHI（バンもん！）	https://www.youtube.com/watch?v=IpkbIw4-1ko
バンドじゃないもん！MAXX NAKAYOSHI	gOtcwDjkAfk	おとどけ♡ラブピッツァリア！	[MUSIC VIDEO] バンドじゃないもん！MAXX NAKAYOSHI／「おとどけ♡ラブピッツァリア！」MV	https://www.youtube.com/watch?v=gOtcwDjkAfk
バンドじゃないもん！MAXX NAKAYOSHI	2l6r9t0l8wA	レジェンドあいらぶゆー	[MUSIC VIDEO] バンドじゃないもん！MAXX NAKAYOSHI／「レジェンドあいらぶゆー」MV	https://www.youtube.com/watch?v=2l6r9t0l8wA
バンドじゃないもん！MAXX NAKAYOSHI	M3n21IALfmA	ゴッドソング	[MUSIC VIDEO] バンドじゃないもん！MAXX NAKAYOSHI／「ゴッドソング」MV	https://www.youtube.com/watch?v=M3n21IALfmA
バンドじゃないもん！MAXX NAKAYOSHI	tpeOnOofYNo	6 RESPECT	[MUSIC VIDEO]バンドじゃないもん！MAXX NAKAYOSHI／「6 RESPECT」フルリモートMV	https://www.youtube.com/watch?v=tpeOnOofYNo
バンドじゃないもん！MAXX NAKAYOSHI	WZPGMIMrmds	NaMiDa	バンドじゃないもん！ / 「NaMiDa」	https://www.youtube.com/watch?v=WZPGMIMrmds
バンドじゃないもん！MAXX NAKAYOSHI	KWYxp-Ff7UQ	君の笑顔で世界がやばい	バンドじゃないもん！ / 「君の笑顔で世界がやばい」	https://www.youtube.com/watch?v=KWYxp-Ff7UQ
バンドじゃないもん！MAXX NAKAYOSHI	BuMIArw5-2A	イミ・ナイ・ダンス	バンドじゃないもん！MAXX NAKAYOSHI／イミ・ナイ・ダンス[MUSIC VIDEO]	https://www.youtube.com/watch?v=BuMIArw5-2A
バンドじゃないもん！MAXX NAKAYOSHI	l4X72cm92a0	さけっぱらだい酒☆	バンドじゃないもん！MAXX NAKAYOSHI／さけっぱらだい酒☆ [MUSIC VIDEO]	https://www.youtube.com/watch?v=l4X72cm92a0
バンドじゃないもん！MAXX NAKAYOSHI	Y71KB9fb1e0	恋する完全犯罪	バンドじゃないもん！／恋する完全犯罪[MUSIC VIDEO]	https://www.youtube.com/watch?v=Y71KB9fb1e0
バンドじゃないもん！MAXX NAKAYOSHI	IeuyWdIV2h8	BORN TO BE IDOL	バンドじゃないもん！／BORN TO BE IDOL[MUSIC VIDEO]	https://www.youtube.com/watch?v=IeuyWdIV2h8
バンドじゃないもん！MAXX NAKAYOSHI	YHg1PannZGU	歌うMUSIC(生まれかわりver.)	バンドじゃないもん！／歌うMUSIC(生まれかわりver.) [MUSIC VIDEO]	https://www.youtube.com/watch?v=YHg1PannZGU
バンドじゃないもん！MAXX NAKAYOSHI	mesrQgR2Sy8	Q.人生それでいいのかい？	バンドじゃないもん！／Q.人生それでいいのかい？[MUSIC VIDEO]	https://www.youtube.com/watch?v=mesrQgR2Sy8
バンドじゃないもん！MAXX NAKAYOSHI	ui6-IkIKkqc	FAN+TIC	バンドじゃないもん！／FAN+TIC[MUSIC VIDEO]	https://www.youtube.com/watch?v=ui6-IkIKkqc
バンドじゃないもん！MAXX NAKAYOSHI	xWUPHH8Hr60	METAMORISER	バンドじゃないもん！/METAMORISER[MUSIC VIDEO]	https://www.youtube.com/watch?v=xWUPHH8Hr60
バンドじゃないもん！MAXX NAKAYOSHI	NzvitGt4nm4	君はヒーロー	バンドじゃないもん！／君はヒーロー[MUSIC VIDEO]	https://www.youtube.com/watch?v=NzvitGt4nm4
バンドじゃないもん！MAXX NAKAYOSHI	ds1fmhHXd0E	しゅっとこどっこい	バンドじゃないもん！／しゅっとこどっこい[MUSIC VIDEO]	https://www.youtube.com/watch?v=ds1fmhHXd0E
バンドじゃないもん！MAXX NAKAYOSHI	xggP4aH13_M	YATTA！	バンドじゃないもん！／YATTA！[MUSIC VIDEO]	https://www.youtube.com/watch?v=xggP4aH13_M
バンドじゃないもん！MAXX NAKAYOSHI	kNR4NL-vLio	YAKIMOCHI	バンドじゃないもん！／YAKIMOCHI[MUSIC VIDEO]	https://www.youtube.com/watch?v=kNR4NL-vLio
バンドじゃないもん！MAXX NAKAYOSHI	wf7dgLoaBCc	夏のOh!バイブス	バンドじゃないもん！ - 夏のOh!バイブス [MUSIC VIDEO]	https://www.youtube.com/watch?v=wf7dgLoaBCc
バンドじゃないもん！MAXX NAKAYOSHI	afjKc5HuuJs	気持ちだけ参加します。	バンドじゃないもん! /  気持ちだけ参加します。 [MUSIC VIDEO]	https://www.youtube.com/watch?v=afjKc5HuuJs
バンドじゃないもん！MAXX NAKAYOSHI	6wMee4bYUYI	キメマスター!	バンドじゃないもん! / キメマスター! [MUSIC VIDEO]	https://www.youtube.com/watch?v=6wMee4bYUYI
バンドじゃないもん！MAXX NAKAYOSHI	TUzEcvbOJCM	青春カラダダダッシュ！	バンドじゃないもん！／「青春カラダダダッシュ！」	https://www.youtube.com/watch?v=TUzEcvbOJCM
バンドじゃないもん！MAXX NAKAYOSHI	5SLV5u_-gbE	青空に吹かす夜、晴れ渡る日	【MUSIC VIDEO】青空に吹かす夜、晴れ渡る日／大桃子サンライズ	https://www.youtube.com/watch?v=5SLV5u_-gbE
バンドじゃないもん！MAXX NAKAYOSHI	uGqLJhfBcyY	Dolphin chill in my room 平和	【MUSIC VIDEO】Dolphin chill in my room 平和／ななせぐみ	https://www.youtube.com/watch?v=uGqLJhfBcyY
妄想キャリブレーション	97_X-oLiP6E	おもてなでしこ伝承中	妄想キャリブレーション 2nd Album 収録曲『おもてなでしこ伝承中』MV	https://www.youtube.com/watch?v=97_X-oLiP6E
妄想キャリブレーション	BCX3nOosQig	幻想恋花火	2015/8/4リリース 妄想キャリブレーション 8thシングル「幻想恋花火」MV	https://www.youtube.com/watch?v=BCX3nOosQig
妄想キャリブレーション	BtWoX8IHaKQ	魔法のジュース	妄想キャリブレーション7thシングル「魔法のジュース」MV	https://www.youtube.com/watch?v=BtWoX8IHaKQ
妄想キャリブレーション	CPwqirRFirc	悲しみキャリブレーション	妄想キャリブレーション6thシングル「悲しみキャリブレーション」MV (ほぼフルVer.)	https://www.youtube.com/watch?v=CPwqirRFirc
妄想キャリブレーション	MZNmCGegzj0	何故なら私、妄想少女ですの	妄想キャリブレーション - 何故なら私、妄想少女ですの (Music Video)	https://www.youtube.com/watch?v=MZNmCGegzj0
ENGAG.ING	FEAfVK3UUSo	Wedding High Five	【MV】Wedding High Five / ENGAG.ING	https://www.youtube.com/watch?v=FEAfVK3UUSo
ENGAG.ING	Tk46i08SvaY	恋咲き花火	ENGAG.ING(エンゲージング)2ndシングル『恋咲き花火』Music Video	https://www.youtube.com/watch?v=Tk46i08SvaY
Mi☆nA	pxQXFZj4DRI	Stormy	Mi☆nA「Stormy」Music Video	https://www.youtube.com/watch?v=pxQXFZj4DRI
リルネード	17vUy94fKFI	フォークソング	【MV】リルネード「フォークソング」	https://www.youtube.com/watch?v=17vUy94fKFI
リルネード	6Larfnyew0M	もうわたしを好きになってる君へ	【MV】リルネード「もうわたしを好きになってる君へ」	https://www.youtube.com/watch?v=6Larfnyew0M
リルネード	pHedltmi5No	きらめき、いま、見えるでしょ？	【MV】リルネード「きらめき、いま、見えるでしょ？」	https://www.youtube.com/watch?v=pHedltmi5No
リルネード	O7P75LVSfRw	サルネ！	【MV】リルネード「サルネ！」	https://www.youtube.com/watch?v=O7P75LVSfRw
リルネード	QW2UvjMd950	恋愛ちゅー	【MV】リルネード「恋愛ちゅー」	https://www.youtube.com/watch?v=QW2UvjMd950
結音 YUION	6RzSehQq7uA	FRI(LIE)DAY MONSTER	【MV】結音 YUION「FRI(LIE)DAY MONSTER」	https://www.youtube.com/watch?v=6RzSehQq7uA
結音 YUION	GD7Nzy1DZZQ	Deep Drip Trip	【MV】結音 YUION「Deep Drip Trip」	https://www.youtube.com/watch?v=GD7Nzy1DZZQ
結音 YUION	mgyuGcoXp9U	キミ泣かせ	【MV】結音 YUION「キミ泣かせ」（kiminakase）	https://www.youtube.com/watch?v=mgyuGcoXp9U
結音 YUION	15cIfxZPZs4	ヤッホー●ジパング	【MV】結音 YUION「ヤッホー●ジパング」（yahho●jipang）字幕	https://www.youtube.com/watch?v=15cIfxZPZs4
根本凪	EDsGMH8jJbY	コーヒー・スピカータ！	【根本凪】コーヒー・スピカータ！【Music Video】	https://www.youtube.com/watch?v=EDsGMH8jJbY
根本凪	Q915itXP8Zo	ラベンダーミルクの思惑	【根本凪】ラベンダーミルクの思惑【Music Video】	https://www.youtube.com/watch?v=Q915itXP8Zo
根本凪	6D_Z9R8v3mk	×o×o♡ソーダ	【根本凪】×o×o♡ソーダ 【Music Video】	https://www.youtube.com/watch?v=6D_Z9R8v3mk
根本凪	bBISQrG_tF0	タイニーグレープフルーツ	【根本凪】タイニーグレープフルーツ【Music Video】	https://www.youtube.com/watch?v=bBISQrG_tF0
根本凪	buIpLfZD_r4	それはもう恋じゃん	【Music Video】それはもう恋じゃん【根本凪】	https://www.youtube.com/watch?v=buIpLfZD_r4
根本凪	zOkU6BL_bpA	メンタルブレイクダンス	【根本凪】メンタルブレイクダンス【Music Video】	https://www.youtube.com/watch?v=zOkU6BL_bpA
根本凪	jhmt9S7Fc7s	チョーハヤイ!!!!!	【根本凪】チョーハヤイ!!!!!【Music Video】	https://www.youtube.com/watch?v=jhmt9S7Fc7s
根本凪	3G4DuiTw910	overtake step	【根本凪】overtake step 【Music Video】	https://www.youtube.com/watch?v=3G4DuiTw910
チームいちご	5Jhn5vg7xIo	＋もしもしダーリン♡	【MV】チームいちご「＋もしもしダーリン♡」	https://www.youtube.com/watch?v=5Jhn5vg7xIo
岡田彩夢	Dq6orMohVeU	chew!chew!	【Music Video】chew!chew! / 岡田彩夢	https://www.youtube.com/watch?v=Dq6orMohVeU
岡田彩夢	cJUvaGiMe-Y	コズミックメランコリック	【Music Video】コズミックメランコリック / 岡田彩夢	https://www.youtube.com/watch?v=cJUvaGiMe-Y
岡田彩夢	iPF9uc-h5ps	ねこねこ☆ねっとわーく (feat. 藤咲彩音 & MEW)	【Music Video】ねこねこ☆ねっとわーく (feat. 藤咲彩音 & MEW)	https://www.youtube.com/watch?v=iPF9uc-h5ps
岡田彩夢	bymKn_Z01Cs	Instant Love	【Music Video】Instant Love / 岡田彩夢(feat.可不)	https://www.youtube.com/watch?v=bymKn_Z01Cs
岡田彩夢	jorE-bszq9w	あらすじ	【Music Video】あらすじ / 岡田彩夢	https://www.youtube.com/watch?v=jorE-bszq9w
でんびる.chan	F1OaqW9S_PQ	汝、心にビルを建てよ	でんびる.chan【 汝、心にビルを建てよ 】	https://www.youtube.com/watch?v=F1OaqW9S_PQ
絵恋ちゃん	a7YcZataCQs	パンダのサンサン	絵恋ちゃん『パンダのサンサン』MV	https://www.youtube.com/watch?v=a7YcZataCQs
絵恋ちゃん	3U9a90_If0U	とっとーと	絵恋ちゃん『とっとーと』MV	https://www.youtube.com/watch?v=3U9a90_If0U
絵恋ちゃん	kH7KHza8X9I	ゆでがえる	絵恋ちゃん『ゆでがえる』MV	https://www.youtube.com/watch?v=kH7KHza8X9I
絵恋ちゃん	J_c13kC_NSg	お邪魔しま stay me	絵恋ちゃん『お邪魔しま stay me』MV	https://www.youtube.com/watch?v=J_c13kC_NSg
絵恋ちゃん	F8hRUE8qBD4	EDEN	絵恋ちゃん『EDEN』MV	https://www.youtube.com/watch?v=F8hRUE8qBD4
絵恋ちゃん	COOZ_PadQ7w	楽だ	絵恋ちゃん『楽だ』MV	https://www.youtube.com/watch?v=COOZ_PadQ7w
絵恋ちゃん	YEuvRxCNj7o	ウニ	絵恋ちゃん『ウニ』MV	https://www.youtube.com/watch?v=YEuvRxCNj7o
こども宇宙天国	rMSvR1XSDgI	こども宇宙天国	こども宇宙天国(もふくちゃん＆Yumiko先生) オーディション応援メッセージ	https://www.youtube.com/watch?v=rMSvR1XSDgI
